{"cameraMode":{"drawMode":0,"name":"Shaded","section":"Shading Mode"},"sceneLighting":true,"audioPlay":false,"sceneViewState":{"m_AlwaysRefresh":false,"showFog":true,"showSkybox":true,"showFlares":true,"showImageEffects":true,"showParticleSystems":true,"showVisualEffectGraphs":true,"m_FxEnabled":true},"in2DMode":false,"pivot":{"x":-4.29545259475708,"y":19.757526397705079,"z":-1.4502133131027222},"rotation":{"x":-0.44193363189697268,"y":0.011301049031317234,"z":-0.005563065875321627,"w":-0.8969258069992065},"size":4.75787353515625,"orthographic":false}