{"cameraMode":{"drawMode":0,"name":"Shaded","section":"Shading Mode"},"sceneLighting":true,"audioPlay":false,"sceneViewState":{"m_AlwaysRefresh":false,"showFog":true,"showSkybox":true,"showFlares":true,"showImageEffects":true,"showParticleSystems":true,"showVisualEffectGraphs":true,"m_FxEnabled":true},"in2DMode":false,"pivot":{"x":53.70318603515625,"y":13.990001678466797,"z":-54.87944793701172},"rotation":{"x":0.009459142573177815,"y":-0.9172205328941345,"z":-0.021719463169574739,"w":-0.3974483609199524},"size":45.62141418457031,"orthographic":false}